{
    "order": 1, 
    "robot_pose": {
        "pos_z": -0.00015254817289649808, 
        "pos_x": 12.870449054208263, 
        "pos_y": -10.468446323069417, 
        "ori_x": 0.0009704156583249833, 
        "ori_y": -0.006792865572968886, 
        "ori_z": -0.054921608901671894, 
        "ori_w": 0.998467091168462
    }
}