{
    "order": 2, 
    "robot_pose": {
        "pos_z": 0.0001980254875139087, 
        "pos_x": 14.987210744888024, 
        "pos_y": -3.324963202864634, 
        "ori_x": 0.0037683290990227353, 
        "ori_y": -0.004756951217695947, 
        "ori_z": 0.6690447581592466, 
        "ori_w": 0.743197337650337
    }
}