{
    "order": 3, 
    "robot_pose": {
        "pos_z": -0.003139738178785545, 
        "pos_x": 12.690032325410808, 
        "pos_y": 6.23019152073396, 
        "ori_x": -0.0022715569251572964, 
        "ori_y": -0.0008871887475860873, 
        "ori_z": 0.9985106655202182, 
        "ori_w": -0.05450232809369734
    }
}