{
    "order": 4, 
    "robot_pose": {
        "pos_z": 0.0001978950439613103, 
        "pos_x": -0.6505461244492325, 
        "pos_y": -0.7465011453381845, 
        "ori_x": 0.0004495350117210408, 
        "ori_y": -0.00074366519629753, 
        "ori_z": -0.746171130992706, 
        "ori_w": 0.6657536242135037
    }
}